Curso,Nivel,Codigo,Genero,Adaptacion,Puntuacion_profesor,Puntuacion_apoyo,Material,Puntuacion_curso,Edad,Decision,Gusto_g,Interes_profesional_g,Autoeficacia_g,Utilidad_g
VIDEOJUEGOS 2D,0,103000,0,1,9,9,3,10,13,2,0,0,-0.5,-1
CIBERSEGURIDAD,1,104324,0,3,8,10,3,9,17,2,0.333333333,0,0.75,0.4
CIBERSEGURIDAD,1,106789,0,2,10,10,2,10,16,0,0.5,0.5,-0.75,0.4
BIOINGENIERIA,1,106843,1,3,10,10,3,10,15,2,0,0.333333333,-0.25,1
BIOINGENIERIA,0,108000,1,2,10,10,3,9,11,2,-0.166666667,-0.166666667,0,-0.2
AUTOMATIZACION,1,108472,0,2,10,1,3,10,13,2,-0.5,0,0.25,0
EDICION DE FOTO Y VIDEO,0,109000,0,3,10,10,3,10,10,2,0.5,0.166666667,-0.25,0.2
INTELIGENCIA ARTIFICIAL,1,109196,0,2,8,8,3,10,13,1,0.166666667,0,0.5,0.8
BIOINGENIERIA,0,157000,0,3,10,10,3,10,11,1,0,0,0,0
BIOINGENIERIA,1,201095,1,3,9,9,3,9,17,2,-0.166666667,0.166666667,-0.25,0.2
VIDEOJUEGOS 2D,0,202000,0,2,9,10,2,8,13,1,0.5,0.666666667,0,0.6
DISEÑO 3D,1,204543,1,2,9,9,3,10,16,2,-0.166666667,0,-0.75,0.2
MINECRAFT,0,207323,0,3,10,10,3,10,13,2,-0.5,0.166666667,0.25,-0.6
BIOINGENIERIA,1,211655,0,2,10,10,3,9,16,0,0.166666667,0,0.25,0.2
BIOINGENIERIA,0,249000,1,2,10,10,3,10,10,1,0.166666667,0.166666667,1.25,0
INGENIERIA ELECTRONICA,1,302594,0,2,10,10,3,9,16,2,0.166666667,0,0.25,0.4
INTELIGENCIA ARTIFICIAL,1,302848,1,2,10,10,3,10,16,2,-0.166666667,1,0.25,0.2
BIOINGENIERIA,0,303884,0,3,10,10,3,9,13,0,0.166666667,0,0.25,-0.2
CIBERSEGURIDAD,1,303941,0,1,7,9,1,4,14,2,0,0.333333333,0.25,0
CIBERSEGURIDAD,1,304000,0,2,9,9,3,9,15,0,0,0.166666667,0.25,0
CIBERSEGURIDAD,1,305405,0,1,10,10,2,7,14,2,0,0,-0.25,-0.4
DRONES,1,306080,0,2,9,9,3,9,16,2,0,-0.5,0.5,-0.2
DISEÑO 3D,1,306394,1,2,9,9,3,10,16,2,-0.666666667,0.333333333,0.75,-0.2
BIOINGENIERIA,1,306636,0,3,10,10,3,10,15,1,0,0,-1,0.2
CIENCIA EN LA COCINA,1,307399,1,3,9,10,3,10,13,2,0,0,0,0
INGENIERIA ELECTRONICA,1,307566,1,3,10,10,3,10,17,2,0,0.333333333,0,0.2
VIDEOJUEGOS 3D,1,308894,0,2,10,5,1,9,16,1,-0.166666667,0,0,-0.2
ENERGIAS RENOVABLES,0,310000,1,3,10,10,3,10,10,2,1.166666667,0.5,-1,0.2
VIDEOJUEGOS 3D,1,310605,0,3,10,5,3,10,13,2,-0.333333333,0,0.25,0
DRONES,1,310825,0,2,10,10,2,10,15,2,-0.333333333,-0.166666667,0,-0.4
INGENIERIA MECANICA,1,311077,0,3,9,10,3,10,15,2,-0.166666667,0.333333333,-0.5,0
INTELIGENCIA ARTIFICIAL,1,312047,0,1,10,10,2,9,16,0,0.5,0.333333333,-0.75,-0.4
BIOINGENIERIA,1,401142,1,2,10,10,2,8,15,2,0,-0.166666667,-0.75,0.4
VIDEOJUEGOS 2D,0,402000,0,3,10,10,3,10,9,0,1.5,3,-0.25,-0.2
INGENIERIA ELECTRONICA,1,404000,0,2,9,9,3,9,14,2,-0.666666667,0.166666667,-0.25,-0.4
CIENCIA EN LA COCINA,0,408000,0,3,10,10,3,10,11,2,0,0.166666667,-0.25,0
MINECRAFT,0,409000,0,3,10,10,3,10,9,0,0.5,0.5,0,0
EMPRENDE ICADE,1,410780,0,2,10,10,3,8,15,2,0.166666667,0.166666667,0,0
VIDEOJUEGOS 3D,1,411655,0,2,9,5,2,9,14,1,0.5,0,0.25,-0.2
CIENCIA EN LA COCINA,0,501000,0,3,9,10,3,10,12,2,0.166666667,-0.5,0.25,0
BIOINGENIERIA,1,502000,1,2,10,10,2,10,14,2,0.5,-0.166666667,-0.25,0
EDICION DE FOTO Y VIDEO,0,504000,1,2,8,7,2,6,13,0,0,-0.333333333,0.5,0
CIENCIA EN LA COCINA,0,505000,1,3,10,10,3,9,12,1,0.5,1,0.25,0
BIOINGENIERIA,1,505006,1,3,10,10,3,10,15,2,0,0,0,0.4
DISEÑO 3D,0,506000,0,3,10,10,3,10,11,0,0.166666667,0.666666667,0.75,0.4
EDICION DE FOTO Y VIDEO,1,506531,1,2,10,10,2,10,14,0,0.5,1,0,-0.2
BIOINGENIERIA,1,510488,1,3,10,10,3,10,14,2,0.166666667,-0.666666667,-0.75,0.2
INTELIGENCIA ARTIFICIAL,1,512090,1,2,10,10,3,9,13,1,0.333333333,-0.166666667,-0.75,0.2
VIDEOJUEGOS 3D,1,603000,1,3,10,5,3,9,12,0,0.166666667,0,0.5,0.2
INGENIERIA MECANICA,1,604762,0,3,10,10,3,10,14,1,0,-0.333333333,0.25,0.6
DISEÑO 3D,1,605000,1,3,10,10,3,9,13,2,0.666666667,-0.666666667,-0.5,0.2
INTELIGENCIA ARTIFICIAL,1,606472,0,3,10,9,3,9,16,2,0,0.333333333,-0.25,-0.4
INTELIGENCIA ARTIFICIAL,1,607816,0,2,10,10,3,9,16,2,0.5,0.333333333,-0.25,0
BIOINGENIERIA,0,608000,1,2,10,8,3,9,11,2,0,0,-0.25,0.2
CIENCIA EN LA COCINA,0,609000,0,2,10,10,3,8,9,1,0.5,0.166666667,0.25,0.4
INGENIERIA MECANICA,1,609703,0,3,10,10,3,10,16,2,0.833333333,0.333333333,0,0.8
DISEÑO 3D,0,610000,1,2,8,9,2,9,10,2,0,-0.5,0.25,-0.2
BIOINGENIERIA,1,611459,1,3,10,10,3,9,13,1,0.166666667,0,0.25,0
VIDEOJUEGOS 3D,1,702837,1,2,9,5,3,9,15,2,0.166666667,0.5,0.25,0
INGENIERIA ELECTRONICA,1,703676,0,3,10,9,3,9,15,2,0,0.166666667,0,0.2
EMPRENDE ICADE,1,703879,1,3,10,10,3,10,15,0,0.833333333,0.666666667,-1.25,0.8
ROBOTICA,0,705000,1,2,8,8,2,9,12,1,-0.333333333,0,0,0
DISEÑO 3D,0,707000,0,2,9,9,3,9,11,2,0,-0.166666667,0.5,0
BIOINGENIERIA,1,707996,1,3,8,9,3,8,17,2,0.166666667,-0.166666667,0.5,-0.2
INGENIERIA MECANICA,1,708269,0,3,9,10,3,10,12,2,0.166666667,0.166666667,-0.25,0.2
EDICION DE FOTO Y VIDEO,1,708871,0,3,10,10,3,10,13,2,0.666666667,0,0.25,0
BIOINGENIERIA,0,710515,1,3,10,6,3,10,13,1,-0.166666667,1.333333333,-0.75,-0.2
CIBERSEGURIDAD,1,710906,0,1,7,8,2,8,15,2,0,-0.166666667,0,-0.4
INGENIERIA ELECTRONICA,1,711327,0,3,10,10,3,10,14,2,0,0,0,0
VIDEOJUEGOS 2D,0,712000,0,2,9,10,3,10,11,1,0,-0.333333333,-0.5,0
INGENIERIA MECANICA,1,801040,0,2,10,10,3,9,17,2,0.5,0,-1,0
EDICION DE FOTO Y VIDEO,0,802000,1,2,8,7,3,7,12,1,0,0.166666667,0,-0.2
VIDEOJUEGOS 3D,1,802836,1,2,10,5,2,9,15,2,0.166666667,-0.333333333,0,-0.4
DISEÑO 3D,0,804000,1,2,10,10,3,10,11,2,0.333333333,0.666666667,-1,-0.2
BIOINGENIERIA,1,804594,1,2,9,10,3,10,14,2,0,-0.666666667,-0.25,0
INGENIERIA MECANICA,1,805065,0,3,9,10,3,9,15,2,0,-0.166666667,0.5,-0.2
DRONES,1,805382,0,3,9,9,3,9,16,2,-0.166666667,0.166666667,-0.25,0.2
EMPRENDE ICADE,1,806041,0,2,9,9,2,8,15,0,0,-0.5,0.25,-0.4
BIOINGENIERIA,1,806974,0,2,9,10,3,10,17,2,0.166666667,0.166666667,0,0.2
VIDEOJUEGOS 3D,1,809000,1,3,10,5,3,10,14,2,0,0,0,0
AUTOMATIZACION,1,902236,1,3,9,5,3,9,14,2,0,0.333333333,0.25,0
CIENCIA EN LA COCINA,0,903000,1,3,10,10,3,10,10,1,0.5,0.666666667,-0.75,0
CIENCIA EN LA COCINA,1,904445,1,3,10,9,3,9,15,2,0.166666667,0.166666667,0,0
EDICION DE FOTO Y VIDEO,1,905682,0,3,8,10,3,9,15,2,-0.166666667,0,0.25,-0.4
BIOINGENIERIA,1,908167,1,2,10,10,3,9,14,1,0.166666667,0.166666667,0,0.2
CIBERSEGURIDAD,1,908497,0,3,10,10,3,9,15,1,1.166666667,-0.333333333,0,0.2
EMPRENDE ICADE,1,910628,0,3,10,10,2,10,15,2,0.333333333,0.333333333,-0.5,0.2
CIENCIA EN LA COCINA,0,911000,1,3,10,10,3,10,11,0,-0.333333333,-0.666666667,-0.25,-0.2
EDICION DE FOTO Y VIDEO,0,1001051,1,3,10,1,2,10,12,0,0.166666667,-0.166666667,0.25,0.4
MINECRAFT,0,1003000,0,3,10,10,3,10,10,2,-0.166666667,0.166666667,0,0.2
BIOINGENIERIA,1,1003516,1,2,10,10,3,10,15,2,0.5,-0.166666667,0,0
CIBERSEGURIDAD,1,1005078,0,2,10,10,3,9,16,2,0.333333333,0,0,0
BIOINGENIERIA,1,1006000,1,3,10,10,3,10,14,2,0,0,0.25,0
CIBERSEGURIDAD,1,1006462,0,2,9,9,3,9,17,2,-0.166666667,0.5,-0.75,-0.2
BIOINGENIERIA,1,1006955,1,2,10,10,3,9,15,2,0.166666667,-0.666666667,-0.25,-0.4
INTELIGENCIA ARTIFICIAL,1,1009271,0,2,10,10,3,8,14,1,0.166666667,0.5,0.5,0.6
DRONES,1,1010827,0,2,9,7,2,9,14,1,-0.333333333,-0.333333333,-0.5,0.2
VIDEOJUEGOS 3D,1,1012000,0,2,9,5,2,9,13,1,0,-0.5,0,-0.2
DISEÑO 3D,1,1012271,0,3,10,10,3,10,15,0,0,0,-0.25,0.4
VIDEOJUEGOS 2D,0,1102000,0,2,10,10,2,10,10,2,0,0.166666667,0.25,-0.4
VIDEOJUEGOS 2D,0,1102000,0,0,10,1,3,10,10,2,3,1.666666667,-0.25,1.4
MINECRAFT,0,1103750,0,3,10,10,3,9,12,2,-0.5,0.666666667,0,0
DISEÑO 3D,0,1104000,1,2,10,10,3,10,10,2,0,-0.166666667,0.25,-0.2
DISEÑO 3D,1,1104000,1,2,10,10,3,8,10,2,-3.333333333,-1.5,-1.25,-1.2
VIDEOJUEGOS 2D,0,1104250,0,3,10,10,3,10,13,2,0.166666667,0.833333333,0.5,0.6
AUTOMATIZACION,1,1107156,0,3,10,8,3,10,16,2,0.666666667,0.666666667,0.25,0.4
INTELIGENCIA ARTIFICIAL,1,1107711,0,2,10,10,3,8,14,1,-0.333333333,0,0,0.4
INGENIERIA MECANICA,1,1107991,0,3,10,10,3,10,16,2,-0.166666667,0,0,0.2
BIOINGENIERIA,0,1109806,1,2,9,10,3,9,12,0,0.833333333,0.666666667,0,0.4
CIENCIA EN LA COCINA,0,1110000,0,3,10,10,2,10,10,2,-0.333333333,0.166666667,0.75,-2
INTELIGENCIA ARTIFICIAL,1,1110323,0,1,10,10,2,8,14,1,-0.5,0.666666667,-0.5,-0.4
CIBERSEGURIDAD,1,1112000,1,3,10,10,3,10,12,2,0,0,0,0
CIBERSEGURIDAD,1,1112643,0,3,10,10,3,10,16,1,0,0.666666667,0,0.4
CIBERSEGURIDAD,1,1203465,0,2,10,10,3,9,15,2,-0.5,-1,-2.5,0.2
CIBERSEGURIDAD,1,1204427,0,2,10,10,2,9,16,1,0.333333333,0.333333333,0,0
CIENCIA EN LA COCINA,0,1206000,1,3,8,6,2,9,13,2,0.166666667,0.166666667,-0.25,0.2
SMART CITY,1,1206306,0,3,10,10,3,10,15,2,0,0,-0.5,0.6
BIOINGENIERIA,1,1207020,1,2,8,9,2,10,14,2,-0.166666667,0,0,-0.2
CIENCIA EN LA COCINA,0,1209000,0,3,10,10,3,10,11,0,0.333333333,0,0.25,0.2
VIDEOJUEGOS 3D,1,1211000,0,3,10,10,3,10,15,1,0.333333333,-0.333333333,0.75,0.4
INGENIERIA MECANICA,1,1305293,0,2,8,8,2,8,15,1,0.166666667,0,0,0
DISEÑO 3D,1,1306366,0,3,9,9,2,9,14,2,0.166666667,-0.166666667,0.5,0.2
VIDEOJUEGOS 3D,1,1307385,0,3,2,1,1,4,14,2,-0.5,-0.666666667,-0.5,-0.4
DRONES,1,1307570,0,1,9,9,1,8,14,2,-0.5,0,-0.5,0.2
INGENIERIA MECANICA,0,1308000,0,3,10,10,3,10,12,1,0.333333333,-0.333333333,0.5,0.2
DISEÑO 3D,0,1310000,1,3,9,8,2,9,12,2,-0.166666667,-0.166666667,0.5,0
DISEÑO 3D,0,1311000,1,2,9,9,3,8,10,1,-0.5,0.333333333,-0.5,0.2
EDICION DE FOTO Y VIDEO,1,1311072,0,3,10,1,2,10,16,2,-2.833333333,-2.333333333,1,-1.4
CIENCIA EN LA COCINA,0,1312000,1,3,10,10,3,9,11,2,1.166666667,0.166666667,0.75,0.8
CIBERSEGURIDAD,1,1312674,0,2,10,10,2,8,15,2,-0.333333333,0.166666667,0.25,-0.2
CIENCIA EN LA COCINA,0,1402000,0,3,8,9,2,10,10,1,0.166666667,0.333333333,0.5,0
INGENIERIA MECANICA,1,1404024,1,2,10,10,3,9,17,2,-0.333333333,-0.333333333,-0.5,0.4
MINECRAFT,0,1405000,0,3,10,10,3,10,12,0,1.166666667,1,-0.25,0.2
INTELIGENCIA ARTIFICIAL,1,1407450,0,3,9,9,1,7,16,2,0,-0.666666667,-0.25,0
MINECRAFT,0,1407847,0,2,10,8,3,9,13,2,0.333333333,0.333333333,0,0
MINECRAFT,0,1407920,0,2,9,8,3,10,13,2,0.5,0.166666667,-0.25,0
MINECRAFT,0,1411000,0,3,10,10,2,7,11,1,1,-1.333333333,0.75,0.4
CIBERSEGURIDAD,1,1411232,0,3,10,10,3,10,16,2,-0.166666667,0,1,-0.4
BIOINGENIERIA,1,1412021,1,3,10,10,3,10,14,1,-0.5,-0.333333333,-1.25,0.4
EMPRENDE ICADE,1,1503393,1,3,10,10,3,10,16,1,0.166666667,0.333333333,0.25,0
MINECRAFT,0,1504000,0,3,9,10,3,8,11,2,0.166666667,-0.333333333,1,0.8
CIENCIA EN LA COCINA,0,1505000,1,2,9,8,3,10,11,0,-0.5,0.333333333,-0.5,0.4
INGENIERIA MECANICA,1,1506244,1,3,9,9,3,9,17,2,0.166666667,-0.666666667,0.75,0.6
VIDEOJUEGOS 2D,0,1506349,0,3,10,10,3,10,13,0,1.666666667,1,-0.25,0
BIOINGENIERIA,0,1508281,0,3,10,10,3,10,12,1,0,-0.5,0.25,0
INGENIERIA MECANICA,1,1509805,0,3,8,8,3,9,14,1,0.166666667,0,0.25,0.2
EMPRENDE ICADE,1,1601458,0,2,8,8,2,8,17,1,0.166666667,0,0.25,0.2
BIOINGENIERIA,0,1601778,1,2,9,9,3,10,13,1,0.166666667,1.166666667,0.25,0.6
INGENIERIA MECANICA,1,1603225,0,3,10,10,2,8,17,2,0.166666667,0.166666667,0.25,0.4
MINECRAFT,0,1606000,0,3,10,10,3,10,10,0,0.166666667,-0.666666667,-1,0
BIOINGENIERIA,0,1607000,1,2,7,10,3,7,13,1,-0.333333333,-0.333333333,0,0
DRONES,1,1608055,0,3,10,10,3,10,15,2,0.166666667,-0.833333333,-0.75,0.8
BIOINGENIERIA,1,1610000,0,2,10,10,3,10,13,2,0,0,0.25,0
INGENIERIA ELECTRONICA,1,1610654,0,2,9,7,3,7,13,1,-0.166666667,0.833333333,-0.5,0.4
DRONES,1,1611000,0,3,9,9,2,10,14,2,0.166666667,-0.166666667,0.25,0.2
BIOINGENIERIA,1,1701279,1,2,10,10,3,10,16,0,-0.333333333,-0.166666667,-0.25,0.4
BIOINGENIERIA,1,1701657,0,2,9,10,3,9,16,2,0.166666667,0.5,0.25,0.2
EMPRENDE ICADE,1,1701952,0,3,10,10,3,10,16,2,-0.166666667,0.166666667,1.25,-0.2
MINECRAFT,0,1702000,0,2,8,9,2,10,12,2,0.166666667,0.333333333,-0.25,-2.4
EMPRENDE ICADE,1,1702418,1,1,10,10,3,4,15,0,1,-0.333333333,-2.25,1.4
PROGRAMACION WEB,1,1704015,0,3,10,10,3,10,12,1,0,0.5,0.5,0
BIOINGENIERIA,1,1704572,1,2,9,10,3,10,16,2,0.166666667,-0.333333333,0,0.4
BIOINGENIERIA,1,1704950,0,3,10,10,3,10,14,1,0.833333333,1,0.5,-0.4
EMPRENDE ICADE,1,1705326,1,2,10,10,2,7,15,0,-0.166666667,0,0,-0.6
BIOINGENIERIA,1,1706015,0,3,9,10,3,10,16,2,0.833333333,0.166666667,0.5,0.6
EDICION DE FOTO Y VIDEO,1,1708698,0,3,8,10,2,8,13,0,-0.5,-0.333333333,0.5,0.2
DISEÑO 3D,0,1709000,0,2,9,7,3,9,12,2,0,0.166666667,-0.5,-0.6
VIDEOJUEGOS 2D,1,1711000,0,2,9,7,2,7,10,0,-0.166666667,0.5,-0.5,0.6
AUTOMATIZACION,1,1711134,1,3,10,10,3,10,12,2,0,0,0.25,0.4
INGENIERIA MECANICA,0,1712000,0,2,10,10,3,9,10,2,-1.166666667,-1.166666667,1.25,-0.2
INGENIERIA MECANICA,0,1712000,0,2,10,10,3,8,10,2,0.166666667,-0.666666667,0.25,0.4
CIBERSEGURIDAD,1,1712155,0,2,8,8,2,8,14,2,-0.166666667,0,-0.5,0.6
VIDEOJUEGOS 2D,0,1801000,1,2,9,8,3,9,13,2,0.666666667,0.166666667,0.75,0.2
EMPRENDE ICADE,1,1801010,0,2,10,10,3,10,16,2,0.833333333,1,0.5,0.2
INTELIGENCIA ARTIFICIAL,1,1801821,1,3,10,10,3,10,16,1,0,0.166666667,0.25,0
DRONES,1,1802670,0,3,9,8,3,10,15,2,0,-0.166666667,0.5,0.2
DISEÑO 3D,0,1805000,0,2,10,10,3,10,10,1,-0.166666667,-0.333333333,-0.25,0.2
ENERGIAS RENOVABLES,0,1806000,0,2,9,7,2,9,12,2,0.666666667,0.333333333,-0.25,0.2
INTELIGENCIA ARTIFICIAL,1,1806485,0,3,8,8,3,8,17,0,0.333333333,0.166666667,-0.25,0.2
AUTOMATIZACION,1,1808307,0,3,10,10,3,9,13,1,0.166666667,-0.5,0.25,0
DISEÑO 3D,0,1809000,1,3,10,10,3,10,11,0,0,0,0,0
DRONES,1,1809761,0,2,9,9,3,9,14,1,-0.333333333,0.166666667,0.25,0.2
MINECRAFT,0,1810000,0,3,10,10,3,10,10,0,0,0,0.25,0
BIOINGENIERIA,0,1812000,1,3,10,10,2,9,11,2,-0.166666667,0.166666667,0,0.8
BIOINGENIERIA,1,1812143,1,3,10,10,3,10,14,2,0,0,-0.25,0.4
INGENIERIA MECANICA,1,1904467,0,2,10,10,3,10,17,2,0.166666667,0.333333333,0.5,0.8
ROBOTICA,0,1905000,0,3,10,10,2,10,10,0,-0.166666667,0.166666667,0.25,0.2
CIBERSEGURIDAD,1,1908773,0,2,10,10,2,9,16,0,1.333333333,1.333333333,-0.25,0.4
MINECRAFT,0,1909000,0,2,8,9,3,10,11,2,1.166666667,1.5,-0.25,-0.4
MINECRAFT,0,1909000,0,1,10,10,3,10,11,2,-0.333333333,-0.833333333,1.25,0
INGENIERIA ELECTRONICA,1,1909923,0,1,10,10,3,10,15,0,-0.166666667,0,0.25,0.2
VIDEOJUEGOS 2D,0,1911000,1,2,10,1,3,10,12,0,1.166666667,1.833333333,0,0.4
EDICION DE FOTO Y VIDEO,1,1912000,1,3,10,9,3,10,13,0,-0.333333333,0.5,0.25,0
INGENIERIA MECANICA,1,2004265,0,2,9,9,2,8,15,2,-0.333333333,0.166666667,0,-0.6
DISEÑO 3D,0,2005000,0,2,10,10,3,10,11,2,-0.166666667,0.333333333,0.25,0.2
INGENIERIA MECANICA,1,2007890,0,3,10,10,2,8,14,0,-0.333333333,-0.833333333,0.75,0
VIDEOJUEGOS 2D,0,2010000,0,3,10,9,2,9,11,0,0.333333333,1,1.25,-0.2
VIDEOJUEGOS 3D,1,2101024,1,3,9,5,3,10,15,2,-0.666666667,0,0.25,0.2
INGENIERIA MECANICA,1,2101115,0,3,10,10,3,10,16,2,0.666666667,0.666666667,0.25,0.4
PROGRAMACION WEB,1,2101370,0,3,10,10,3,10,17,2,0.166666667,0,0.75,-0.2
INGENIERIA MECANICA,1,2101540,0,2,10,10,3,10,16,2,0.166666667,0.5,0.25,-0.2
INGENIERIA MECANICA,1,2101894,0,3,10,10,2,10,16,2,0.166666667,-0.5,0.75,-1
DISEÑO 3D,0,2103000,1,3,10,10,3,10,11,1,0.333333333,1.833333333,1.25,0.6
CIBERSEGURIDAD,1,2105971,0,2,10,10,3,10,14,1,0.166666667,1,0,-0.2
BIOINGENIERIA,0,2107000,0,2,9,7,2,8,13,2,0,0.333333333,0,0
BIOINGENIERIA,1,2108376,0,2,9,10,2,9,13,2,0.166666667,0,0,0.2
CIENCIA EN LA COCINA,0,2110000,1,2,10,10,3,9,9,0,-0.166666667,0.666666667,0,-0.4
DISEÑO 3D,1,2202269,0,3,10,10,3,10,14,0,0,0,-1,0.6
EDICION DE FOTO Y VIDEO,0,2203000,1,3,10,8,3,10,13,1,-0.166666667,-0.333333333,0.25,-0.2
INGENIERIA MECANICA,1,2203352,0,2,9,9,2,9,17,2,0.166666667,0.166666667,-0.25,0
ENERGIAS RENOVABLES,0,2204000,0,2,10,10,3,10,9,0,-0.5,-0.666666667,0.25,0.2
BIOINGENIERIA,1,2205000,1,3,10,10,3,10,14,2,0,0.166666667,0.5,0.2
ENERGIAS RENOVABLES,0,2206000,0,2,10,10,2,9,11,2,-0.333333333,0.333333333,-1,0
DISEÑO 3D,1,2206668,0,3,8,8,3,8,16,2,-0.166666667,-0.666666667,0.5,-0.6
DRONES,1,2207915,0,2,9,9,3,10,13,0,0.333333333,0.5,-0.25,0
DISEÑO 3D,0,2209000,0,2,10,10,3,10,11,1,0.333333333,0.5,0.5,0
BIOINGENIERIA,1,2210491,1,3,7,10,3,8,16,0,0.833333333,0.5,0.25,0.2
DRONES,1,2211745,0,2,9,9,3,10,15,1,0.166666667,0,0.25,0.4
CIENCIA EN LA COCINA,0,2301000,1,2,10,10,3,10,10,0,0.166666667,0,0,0.6
EDICION DE FOTO Y VIDEO,1,2303809,0,2,8,1,3,9,13,2,-0.833333333,0.333333333,0,0
INGENIERIA MECANICA,1,2308128,0,2,10,10,3,10,13,2,0.166666667,0.166666667,-0.5,-0.2
INGENIERIA ELECTRONICA,1,2309302,1,2,10,10,3,10,16,2,0.333333333,0.5,1.25,0.2
BIOINGENIERIA,1,2310590,1,2,7,10,3,8,14,2,0.166666667,0.5,-0.25,0
PROGRAMACION WEB,1,2311467,0,3,10,10,3,10,13,1,0.166666667,0.166666667,-0.75,-1.2
BIOINGENIERIA,1,2312599,1,2,8,10,3,8,16,0,0.833333333,0,1,0.6
INGENIERIA MECANICA,0,2403000,0,2,9,9,1,9,12,0,1,0.666666667,0.25,0
INGENIERIA MECANICA,0,2403000,0,1,1,10,3,5,12,0,-1,0,-0.25,-0.2
DRONES,1,2403282,0,3,10,10,3,10,14,1,-0.166666667,1,0.75,-0.4
INTELIGENCIA ARTIFICIAL,1,2403768,0,2,10,10,3,10,15,1,0.166666667,0.166666667,0.75,0.2
CIBERSEGURIDAD,1,2404298,0,3,10,10,3,10,15,2,0,0,0,0.4
EMPRENDE ICADE,1,2404467,0,3,10,10,3,10,14,1,0.166666667,0,-0.25,0.6
EMPRENDE ICADE,1,2404467,0,3,10,10,3,10,14,1,0.166666667,-0.666666667,-0.5,0.6
INGENIERIA MECANICA,1,2405155,0,3,10,10,3,10,16,2,0.166666667,0.333333333,-0.5,0.6
INTELIGENCIA ARTIFICIAL,1,2405749,0,3,8,6,2,6,16,1,0.166666667,-1.333333333,0,0
CIBERSEGURIDAD,1,2406134,0,2,10,10,2,10,17,2,0.166666667,0.333333333,-0.25,-0.4
CIBERSEGURIDAD,1,2408656,1,3,10,10,2,10,16,1,0.333333333,0.333333333,0,0
AUTOMATIZACION,1,2409000,0,2,10,1,2,10,12,2,0.5,-0.333333333,0,-0.2
BIOINGENIERIA,1,2409336,0,2,9,10,3,9,14,1,0,-0.166666667,0,0.2
INGENIERIA MECANICA,1,2410178,0,2,10,10,3,10,17,1,0.833333333,-0.5,-0.75,0.2
CIENCIA EN LA COCINA,0,2501000,1,2,10,10,2,10,10,0,1.5,-0.5,0.75,2
DISEÑO 3D,0,2501987,0,3,10,10,3,10,13,2,0.333333333,0.833333333,-0.25,0.2
DISEÑO 3D,1,2502000,1,3,10,9,3,9,14,2,0,0,-0.25,0.6
CIBERSEGURIDAD,1,2502741,0,3,9,10,2,9,17,2,0,-0.333333333,-0.75,-0.2
EMPRENDE ICADE,1,2504867,1,2,10,10,3,10,14,2,-0.5,-0.5,-0.5,0.2
BIOINGENIERIA,0,2505000,1,3,10,10,3,10,12,2,-0.166666667,0,-0.5,0
BIOINGENIERIA,1,2505253,0,3,9,10,3,9,15,2,-0.5,0,-0.5,0
MINECRAFT,0,2507000,0,3,9,9,3,10,10,2,0,-0.666666667,0,0.2
INGENIERIA MECANICA,1,2512371,0,1,8,9,3,9,13,2,-0.833333333,0.166666667,-0.75,0
EDICION DE FOTO Y VIDEO,0,2602000,1,2,8,9,3,8,12,1,0.333333333,-0.333333333,0,-0.2
BIOINGENIERIA,0,2604000,1,3,10,10,3,10,10,2,0,0.833333333,0.25,0
BIOINGENIERIA,1,2605000,1,2,10,10,3,10,14,2,0.5,-0.166666667,0.25,0.6
BIOINGENIERIA,1,2605041,1,3,10,10,3,10,15,1,0,-0.333333333,0.5,0.6
BIOINGENIERIA,1,2606000,0,2,9,10,3,10,14,2,0,0,-0.25,0
INTELIGENCIA ARTIFICIAL,1,2609000,0,2,8,7,2,7,13,0,0.166666667,0.166666667,-0.25,0
DRONES,1,2609256,0,1,9,9,3,8,14,1,0.666666667,0.333333333,0.25,-0.2
MINECRAFT,0,2611160,0,3,10,10,3,10,12,2,0.166666667,-0.166666667,-1,0
INGENIERIA MECANICA,1,2612649,0,2,9,9,3,10,15,2,0.333333333,1,0,0.4
VIDEOJUEGOS 3D,1,2703000,0,2,10,5,3,10,13,2,-0.333333333,0,0.25,0.2
DISEÑO 3D,0,2703772,1,2,9,9,2,9,12,0,-0.166666667,0.333333333,-0.5,0.2
AUTOMATIZACION,1,2705000,0,3,10,10,3,10,14,2,0,0.166666667,0.75,-0.2
BIOINGENIERIA,0,2707000,1,2,10,10,2,10,9,0,0.666666667,0.333333333,0.25,0.2
BIOINGENIERIA,0,2707000,1,3,10,10,3,10,9,0,-0.333333333,0.5,0.75,-0.6
CIBERSEGURIDAD,1,2708000,1,3,10,10,3,10,14,2,0,0,0,0
BIOINGENIERIA,1,2708654,0,3,10,10,3,9,14,2,-0.166666667,0.333333333,-0.25,0.2
ROBOTICA,0,2709000,1,2,10,10,3,10,10,2,0.666666667,0.333333333,-0.5,0.4
DRONES,1,2709421,0,2,9,9,3,9,14,1,-0.333333333,0.5,1.25,0
EMPRENDE ICADE,1,2709776,1,3,10,10,3,10,15,2,0,0.5,0,0.2
EDICION DE FOTO Y VIDEO,0,2710000,1,3,10,10,2,9,8,0,-0.666666667,0.666666667,2.25,-0.6
INGENIERIA MECANICA,1,2710351,0,2,9,9,2,9,16,0,-0.333333333,-0.5,0.25,0.4
INGENIERIA MECANICA,0,2801000,0,3,10,10,3,10,12,2,0,-0.666666667,0,0
CIENCIA EN LA COCINA,0,2802000,1,2,10,10,3,10,10,2,-0.333333333,0.333333333,-0.25,0.2
EDICION DE FOTO Y VIDEO,0,2803000,1,0,9,10,2,8,11,1,0.166666667,-0.166666667,0.25,-0.6
ROBOTICA,0,2803273,0,2,9,9,3,9,13,1,0.333333333,0.666666667,1.5,0
EDICION DE FOTO Y VIDEO,0,2804000,0,3,9,9,2,9,12,1,0.333333333,-0.166666667,0.25,0.6
AUTOMATIZACION,1,2804143,0,1,9,1,2,7,17,1,-0.333333333,-0.666666667,0.5,0.2
EMPRENDE ICADE,1,2807313,1,2,8,8,2,8,16,2,-0.666666667,0.333333333,-0.5,0
AUTOMATIZACION,1,2807679,0,2,10,10,2,9,15,2,-0.166666667,0.166666667,0,0
DISEÑO 3D,1,2807890,0,2,9,9,3,9,13,1,0.5,0.833333333,0,0.8
EDICION DE FOTO Y VIDEO,0,2808000,1,2,7,7,3,7,10,0,0.666666667,-0.666666667,-0.25,0.2
MINECRAFT,0,2811000,0,2,9,9,3,9,10,1,0,1.166666667,-1.25,0
MINECRAFT,0,2811000,0,3,9,9,3,10,10,1,0,-0.166666667,0.25,0.6
CIENCIA EN LA COCINA,0,2812000,1,3,9,9,3,10,10,0,0,0,0.25,0.2
BIOINGENIERIA,1,2812778,0,2,9,10,3,8,15,0,0.333333333,0.833333333,-0.25,0
DRONES,1,2901314,0,2,10,10,2,8,15,0,-0.5,0.166666667,0,0.2
CIBERSEGURIDAD,1,2901837,0,2,10,10,3,10,16,2,0.166666667,0.5,0,0.8
VIDEOJUEGOS 3D,1,2908377,0,3,9,5,3,9,13,0,-0.166666667,0.166666667,1.25,-0.4
DRONES,1,2909080,0,2,9,9,2,9,14,0,0,0,0,0
VIDEOJUEGOS 3D,1,2912000,0,3,10,5,2,10,12,2,0.166666667,1,0.25,0
CIBERSEGURIDAD,1,3003609,0,2,9,9,2,8,16,2,-0.5,-0.666666667,-0.75,-0.2
MINECRAFT,0,3004000,0,3,10,10,3,10,13,2,0,0,0,0
INGENIERIA MECANICA,1,3005065,0,2,8,8,2,7,15,2,-0.333333333,-0.166666667,0,-0.4
BIOINGENIERIA,0,3006000,0,3,10,10,3,10,11,0,0,0,-0.75,0.4
EDICION DE FOTO Y VIDEO,0,3007000,0,3,9,10,3,10,11,0,0,0,0,0
EDICION DE FOTO Y VIDEO,0,3007350,1,2,7,8,2,5,13,0,0.166666667,-0.666666667,-0.25,-0.6
VIDEOJUEGOS 3D,1,3008623,1,2,9,5,3,9,15,2,0.333333333,0,0.25,0
BIOINGENIERIA,0,3009335,0,3,10,10,3,10,12,1,0.666666667,0,0,0
EMPRENDE ICADE,1,3009521,0,3,10,10,3,10,15,1,-0.333333333,0,0.5,-0.6
CIENCIA EN LA COCINA,1,3010927,1,3,10,10,3,10,15,2,0.166666667,0.166666667,0.5,0.2
INTELIGENCIA ARTIFICIAL,1,3011691,1,3,9,9,2,9,16,1,-0.166666667,-0.166666667,0,0.2
DISEÑO 3D,0,3012000,0,2,8,9,2,9,10,2,0,0.666666667,0,0.4
CIENCIA EN LA COCINA,0,3103000,1,2,10,10,3,10,11,1,-0.333333333,-0.5,0,0
DISEÑO 3D,0,3103499,1,3,10,10,3,10,11,1,0.166666667,-0.166666667,0,0
SMART CITY,1,3103858,1,1,10,10,3,8,16,2,0.333333333,-0.666666667,0.25,0
INGENIERIA MECANICA,1,3103888,0,3,8,10,2,9,15,2,0.333333333,0,-0.5,0.2
INTELIGENCIA ARTIFICIAL,1,3105101,1,3,10,10,2,9,14,2,0,0.5,0.25,0.2
BIOINGENIERIA,1,3110083,1,2,9,9,3,9,14,2,0,0.5,0,0.2
BIOINGENIERIA,1,17305443,1,2,9,10,3,8,16,0,0,-0.166666667,0.25,0
CIENCIA EN LA COCINA,0,140509000,0,3,10,10,3,10,12,2,0,0.5,0,0
INGENIERIA MECANICA,0,200111000,0,2,8,10,3,9,10,2,0.5,0.666666667,0,0.2
ROBOTICA,0,1042011000,0,3,10,10,3,10,10,2,-0.166666667,0,1.5,0
DISEÑO 3D,0,7092010000,0,2,10,10,3,10,10,2,-0.333333333,0.5,-2.25,0.2
